scalar,RGB_r,RGB_g,RGB_b
0.0,59,76,192
0.14285714285714285,99,125,213
0.2857142857142857,149,173,227
0.42857142857142855,209,220,238
0.5714285714285714,236,215,203
0.7142857142857142,222,158,134
0.8571428571428571,203,99,79
1.0,180,4,38
