scalar,RGB_r,RGB_g,RGB_b
0.0,0.22999950386952212,0.29899893404937583,0.7540001385755909
0.14285714285714285,0.3879811179861374,0.49189179171863556,0.8346538667646594
0.2857142857142857,0.5849954720286038,0.6787272668394778,0.8911556729062198
0.42857142857142855,0.8189963808249835,0.8611057558750119,0.932093284724281
0.5714285714285714,0.9268577443823875,0.8418897337311256,0.7968670180366856
0.7142857142857142,0.8708579197985457,0.6214400033521152,0.5260325108097359
0.8571428571428571,0.7977575128626011,0.38782403451686487,0.3081308323989757
1.0,0.7060001359117051,0.015991824033980338,0.1500000719222001
