scalar,RGB_r,RGB_g,RGB_b
0.0,0.0,0.0,0.0
0.14285714285714285,0.10052076368447482,0.07927054453773197,0.41878826993096074
0.2857142857142857,0.2527735502663625,0.06980056688215952,0.7819333142785406
0.42857142857142855,0.7776883371150148,0.0,0.4525109859099041
0.5714285714285714,0.9405860043745746,0.32716799754156034,0.23056014261954677
0.7142857142857142,0.9859924563184136,0.5897367231273288,0.21974796587480694
0.8571428571428571,0.9226102402701923,0.849583869880693,0.21148645559505969
1.0,1.0,1.0,1.0
