scalar,RGB_r,RGB_g,RGB_b
0.0,0,0,0
0.14285714285714285,26,20,107
0.2857142857142857,64,18,199
0.42857142857142855,198,0,115
0.5714285714285714,240,83,59
0.7142857142857142,251,150,56
0.8571428571428571,235,217,54
1.0,255,255,255
