scalar,RGB_r,RGB_g,RGB_b
0.0,0.05038205347059877,0.029801736499741757,0.5279751010495176
0.14285714285714285,0.32784692303604196,0.0066313933705768055,0.6402853293744383
0.2857142857142857,0.5453608398097519,0.03836817688235455,0.6472432548304646
0.42857142857142855,0.7246542772727967,0.1974236709187686,0.5379281037132716
0.5714285714285714,0.8588363515132411,0.35929521887338184,0.407891799954962
0.7142857142857142,0.9557564842476064,0.5338287173328614,0.2850080723374925
0.8571428571428571,0.9945257260387773,0.7382691276441445,0.16745985897148677
1.0,0.9400151278782742,0.9751557856205376,0.131325887773911
