scalar,RGB_r,RGB_g,RGB_b
0.0,0.05639932216773367,0.056399092153948,0.4700000908789252
0.14285714285714285,0.2226448601821281,0.3924465819960659,0.7512955575984437
0.2857142857142857,0.34798395904821416,0.7155470219743846,0.9398630825457643
0.42857142857142855,0.681041753359947,0.924929944364665,0.9190105494728129
0.5714285714285714,0.9496736851659077,0.8548082898830821,0.5586506563829977
0.7142857142857142,0.9206945591251207,0.6062740290608148,0.3060628485095515
0.8571428571428571,0.786802228396302,0.3370857730067952,0.1576958511710645
1.0,0.5900001145322249,0.07669636770019067,0.11947505935767005
