scalar,RGB_r,RGB_g,RGB_b
0.0,0.0,0.0,0.0
0.14285714285714285,0.1395570645131698,0.02198279213822543,0.4598402747775218
0.2857142857142857,0.028425818571614185,0.24267452546380586,0.5872810647948823
0.42857142857142855,0.021455556526349926,0.4492082077166399,0.3816968956770979
0.5714285714285714,0.03062583987948746,0.6254558674785432,0.0829129360827669
0.7142857142857142,0.43953003388234246,0.7674494579667936,0.037212909121285366
0.8571428571428571,0.9795488678271141,0.8152887113235648,0.5716520685975728
1.0,1.0,1.0,1.0
