scalar,RGB_r,RGB_g,RGB_b
0.0,0.2670039853213788,0.0048725657145795975,0.32941506855247793
0.14285714285714285,0.2747410319947279,0.19697326735916815,0.49725044340782604
0.2857142857142857,0.21267123715447978,0.3591013770537536,0.5516350468677014
0.42857142857142855,0.15295809873202398,0.4980514512730651,0.5576853269081522
0.5714285714285714,0.1220535918163036,0.6321055429812599,0.5308488657247317
0.7142857142857142,0.2900139372832507,0.7588451185052187,0.4278271609212135
0.8571428571428571,0.6221823410626537,0.8538142928663974,0.22624791114964743
1.0,0.9932481489335602,0.9061547634208059,0.14393594366968385
