scalar,RGB_r,RGB_g,RGB_b
0.0,68,1,84
0.06666666666666667,72,26,108
0.13333333333333333,71,47,125
0.2,65,68,135
0.26666666666666666,57,86,140
0.3333333333333333,49,104,142
0.4,42,120,142
0.4666666666666667,35,136,142
0.5333333333333333,31,152,139
0.6,34,168,132
0.6666666666666666,53,183,121
0.7333333333333333,84,197,104
0.8,122,209,81
0.8666666666666667,165,219,54
0.9333333333333333,210,226,27
1.0,253,231,37
