scalar,RGB_r,RGB_g,RGB_b
0.0,0.22999950386952345,0.2989989340493756,0.754000138575591
0.14285714285714285,0.40683997559479584,0.5377168151388617,0.9343530765308946
0.2857142857142857,0.6027046570009249,0.7312556438496363,0.9999930377879359
0.42857142857142855,0.7884141896946554,0.8458777661697837,0.9394230930829022
0.5714285714285714,0.9306357126351139,0.8203377994313826,0.7610045775239223
0.7142857142857142,0.967788492347632,0.6570293125793737,0.5373264466667838
0.8571428571428571,0.8871066595321617,0.4139484244919038,0.3245644819974198
1.0,0.7060001359117047,0.015991824033980695,0.15000007192220008
