scalar,RGB_r,RGB_g,RGB_b
0.0,0.0,0.0,0.0
0.14285714285714285,0.022690282426860112,0.04963461779859645,0.46985036543569486
0.2857142857142857,0.014712149007198782,0.3040567642501178,0.2087414308344253
0.42857142857142855,0.18939760908355832,0.45437649355818815,0.021637600293833405
0.5714285714285714,0.8915864215141428,0.3896979379134294,0.0427852057917972
0.7142857142857142,0.9782142367147378,0.5444499952055193,0.7916230709534067
0.8571428571428571,0.8840260302844642,0.8075866934007414,0.9906778034250275
1.0,1.0,1.0,1.0
