scalar,RGB_r,RGB_g,RGB_b
0.0,0.0,0.0,0.0
0.14285714285714285,0.2567618382302789,0.08862237092250158,0.06900234709883349
0.2857142857142857,0.502299529628274,0.12275205976842546,0.10654041357261984
0.42857142857142855,0.7353154662963063,0.1982320329476474,0.12428036101896534
0.5714285714285714,0.8771435867383445,0.39490510462624345,0.03816328606394868
0.7142857142857142,0.911232394909533,0.631724377007152,0.10048201891972874
0.8571428571428571,0.9072006655243174,0.8550025783221541,0.18879408728283467
1.0,1.0,1.0,1.0
