scalar,RGB_r,RGB_g,RGB_b
0.0,0,0,0
0.14285714285714285,65,23,18
0.2857142857142857,128,31,27
0.42857142857142855,188,51,32
0.5714285714285714,224,101,10
0.7142857142857142,232,161,26
0.8571428571428571,231,218,48
1.0,255,255,255
