scalar,RGB_r,RGB_g,RGB_b
0.0,0.0014619955811715805,0.0004659913919114934,0.013866005775115809
0.14285714285714285,0.13753923379188907,0.06851261194594893,0.3190826076646476
0.2857142857142857,0.37124523554933325,0.09245590050111105,0.4988969191247498
0.42857142857142855,0.5963268574281855,0.17628087749968585,0.500999529902537
0.5714285714285714,0.8271847887718421,0.2613077376263225,0.4314821798238791
0.7142857142857142,0.9736251620218596,0.46257001286704286,0.36212910421310784
0.8571428571428571,0.9973499722929763,0.7304488896997229,0.5027058179848508
1.0,0.987053056345652,0.9914356313301366,0.7495041209480727
