scalar,RGB_r,RGB_g,RGB_b
0.0,0,0,4
0.06666666666666667,11,9,36
0.13333333333333333,32,17,75
0.2,59,15,112
0.26666666666666666,87,21,126
0.3333333333333333,114,31,129
0.4,140,41,129
0.4666666666666667,168,50,125
0.5333333333333333,196,60,117
0.6,222,73,104
0.6666666666666666,241,96,93
0.7333333333333333,250,127,94
0.8,254,159,109
0.8666666666666667,254,191,132
0.9333333333333333,253,222,160
1.0,252,253,191
