scalar,RGB_r,RGB_g,RGB_b
0.0,0.0014619955811715805,0.0004659913919114934,0.013866005775115809
0.14285714285714285,0.15878054505364145,0.04414588479176828,0.32873705502988054
0.2857142857142857,0.396786518835543,0.08292103408227261,0.4331726873798219
0.42857142857142855,0.6234475076301247,0.16486328557646127,0.3880663468322876
0.5714285714285714,0.8308925639196657,0.28265548598550927,0.2586364361687295
0.7142857142857142,0.9615932007416385,0.4896799300459282,0.08356448400711391
0.8571428571428571,0.9816315597243276,0.7558372599499625,0.15291300331162103
1.0,0.9883620799212208,0.9983616470620554,0.6449240982803861
