scalar,RGB_r,RGB_g,RGB_b
0.0,0.0014619955811715805,0.0004659913919114934,0.013866005775115809
0.06666666666666667,0.04691458399133113,0.030323540520811973,0.15016326468244964
0.13333333333333333,0.14237847430795506,0.04624117675574093,0.30855378680836465
0.2,0.2582339375612672,0.038569281262784215,0.4064850812186898
0.26666666666666666,0.366528457743285,0.07157684449494817,0.4319940445656597
0.3333333333333333,0.47232856222023284,0.11054509253877559,0.428334014815688
0.4,0.5783040710826255,0.1480366969821801,0.4044110859921461
0.4666666666666667,0.6826555952415246,0.1894982847225483,0.3607573457624624
0.5333333333333333,0.780517595641067,0.24332476411029125,0.29952273568573573
0.6,0.865006157141607,0.316819514079576,0.2260550749407627
0.6666666666666666,0.9296439014941755,0.41147612778815296,0.14536750158970949
0.7333333333333333,0.970919318954511,0.5228513513717987,0.05836666742473027
0.8,0.987622172670732,0.6453178289458518,0.039886017500422775
0.8666666666666667,0.9788062634501479,0.7745421938654863,0.1760361942373471
0.9333333333333333,0.950018012245954,0.9034074125145412,0.3802723264284489
1.0,0.9883620799212208,0.9983616470620554,0.6449240982803861
