scalar,RGB_r,RGB_g,RGB_b
0.0,0,0,4
0.14285714285714285,40,11,84
0.2857142857142857,101,21,110
0.42857142857142855,159,42,99
0.5714285714285714,212,72,66
0.7142857142857142,245,125,21
0.8571428571428571,250,193,39
1.0,252,255,164
